{
  "name": "ConveyorUDT",
  "parameters": {
    "ConveyorNumber": {
      "dataType": "Integer"
    }
  },
  "tagType": "UdtType",
  "tags": [
    {
      "opcItemPath": {
        "bindType": "parameter",
        "binding": "ns\u003d1;s\u003d[LabworkSim]Overview/Conveyor {ConveyorNumber}/Speed"
      },
      "valueSource": "opc",
      "dataType": "Float8",
      "historyProvider": "DB",
      "alarms": [
        {
          "mode": "AboveValue",
          "name": "High Speed",
          "setpointA": {
            "bindType": "Tag",
            "value": "[.]SpeedSP"
          }
        }
      ],
      "name": "Speed",
      "historyEnabled": true,
      "tagType": "AtomicTag",
      "opcServer": "Ignition OPC UA Server"
    },
    {
      "valueSource": "memory",
      "dataType": "Float8",
      "historyProvider": "DB",
      "name": "SpeedSP",
      "historyEnabled": true,
      "value": 0.0,
      "tagType": "AtomicTag"
    },
    {
      "opcItemPath": {
        "bindType": "parameter",
        "binding": "ns\u003d1;s\u003d[LabworkSim]Overview/Conveyor {ConveyorNumber}/Totalizer"
      },
      "valueSource": "opc",
      "dataType": "Float8",
      "historyProvider": "DB",
      "name": "Totalizer",
      "historyEnabled": true,
      "tagType": "AtomicTag",
      "opcServer": "Ignition OPC UA Server"
    },
    {
      "opcItemPath": {
        "bindType": "parameter",
        "binding": "ns\u003d1;s\u003d[LabworkSim]Overview/Conveyor {ConveyorNumber}/HOA"
      },
      "valueSource": "opc",
      "dataType": "Int2",
      "historyProvider": "DB",
      "alarms": [
        {
          "setpointA": 2.0,
          "name": "Faulted"
        }
      ],
      "name": "HOA",
      "historyEnabled": true,
      "tagType": "AtomicTag",
      "opcServer": "Ignition OPC UA Server"
    },
    {
      "opcItemPath": {
        "bindType": "parameter",
        "binding": "ns\u003d1;s\u003d[LabworkSim]Overview/Conveyor {ConveyorNumber}/Amps"
      },
      "valueSource": "opc",
      "dataType": "Float8",
      "historyProvider": "DB",
      "name": "Amps",
      "historyEnabled": true,
      "tagType": "AtomicTag",
      "opcServer": "Ignition OPC UA Server"
    }
  ]
}