{
  "name": "Conveyor 1",
  "typeId": "ConveyorUDT",
  "parameters": {
    "ConveyorNumber": {
      "dataType": "Integer",
      "value": 1
    }
  },
  "tagType": "UdtInstance",
  "tags": [
    {
      "name": "HOA",
      "tagType": "AtomicTag"
    },
    {
      "name": "Totalizer",
      "tagType": "AtomicTag"
    },
    {
      "value": 60.900001525878906,
      "name": "SpeedSP",
      "tagType": "AtomicTag"
    },
    {
      "name": "Amps",
      "tagType": "AtomicTag"
    },
    {
      "name": "Speed",
      "tagType": "AtomicTag"
    }
  ]
}